freq_hz,fs,error
2,100,0.00633474
10,100,0.0370682
25,100,0.147919
33,100,0.241829
49,100,0.483685
