freq_hz,fs,error
2,100,0.0063535
10,100,0.0284618
25,100,0.0666792
33,100,0.150135
49,100,0.476142
