freq_hz, fs, error
2,     100,   0.0063316
10,     100,   0.0370634
25,     100,   0.147904
33,     100,   0.24182
49,     100,   0.483677
