freq_hz,fs,error
2,100,0.00635164
10,100,0.0284627
25,100,0.0666679
33,100,0.150135
49,100,0.476139
