freq_hz, error
2,     9.71945e-06
10,     5.24855e-06
25,     2.05318e-15
33,     9.99652e-06
49,     9.99652e-06
